state_name,vehicle_class,total_ev_sales_per_state
Andaman & Nicobar Island,MOTOR CAR,92
Andaman & Nicobar Island,BUS,40
Andaman & Nicobar Island,E-RICKSHAW WITH CART (G),29
Andaman & Nicobar Island,MOTOR CYCLE/SCOOTER-USED FOR HIRE,20
Andaman & Nicobar Island,M-CYCLE/SCOOTER,10
Andaman & Nicobar Island,MOTOR CAB,7
Andaman & Nicobar Island,MAXI CAB,1
Andaman & Nicobar Island,MOTORISED CYCLE (CC > 25CC),1
Andaman & Nicobar Island,GOODS CARRIER,1
Andaman & Nicobar Island,E-RICKSHAW(P),1
Andaman & Nicobar Island,EXCAVATOR (COMMERCIAL),0
Andaman & Nicobar Island,ROAD ROLLER,0
Andaman & Nicobar Island,FIRE FIGHTING VEHICLE,0
Andaman & Nicobar Island,AGRICULTURAL TRACTOR,0
Andaman & Nicobar Island,EARTH MOVING EQUIPMENT,0
Andaman & Nicobar Island,MOBILE CANTEEN,0
Andaman & Nicobar Island,OMNI BUS,0
Andaman & Nicobar Island,DUMPER,0
Andaman & Nicobar Island,FORK LIFT,0
Andaman & Nicobar Island,PRIVATE SERVICE VEHICLE,0
Andaman & Nicobar Island,FIRE TENDERS,0
Andaman & Nicobar Island,SEMI-TRAILER (COMMERCIAL),0
Andaman & Nicobar Island,RECOVERY VEHICLE,0
Andaman & Nicobar Island,THREE WHEELER (GOODS),0
Andaman & Nicobar Island,M-CYCLE/SCOOTER-WITH SIDE CAR,0
Andaman & Nicobar Island,EXCAVATOR (NT),0
Andaman & Nicobar Island,CONSTRUCTION EQUIPMENT VEHICLE (COMMERCIAL),0
Andaman & Nicobar Island,CONSTRUCTION EQUIPMENT VEHICLE,0
Andaman & Nicobar Island,SNORKED LADDERS,0
Andaman & Nicobar Island,AMBULANCE,0
Andaman & Nicobar Island,THREE WHEELER (PERSONAL),0
Andaman & Nicobar Island,CRANE MOUNTED VEHICLE,0
Andaman & Nicobar Island,PRIVATE SERVICE VEHICLE (INDIVIDUAL USE),0
Andaman & Nicobar Island,THREE WHEELER (PASSENGER),0
Andaman & Nicobar Island,TOW TRUCK,0
Andaman & Nicobar Island,TRACTOR (COMMERCIAL),0
Andaman & Nicobar Island,MOPED,0
Andaman & Nicobar Island,LUXURY CAB,0
Andaman & Nicobar Island,OMNI BUS (PRIVATE USE),0
Andaman & Nicobar Island,MOTOR CYCLE/SCOOTER-SIDECAR(T),0
Andaman & Nicobar Island,VEHICLE FITTED WITH RIG,0
Andaman & Nicobar Island,ADAPTED VEHICLE,0
Andhra Pradesh,M-CYCLE/SCOOTER,64662
Andhra Pradesh,MOTORISED CYCLE (CC > 25CC),3595
Andhra Pradesh,MOTOR CAR,3213
Andhra Pradesh,E-RICKSHAW(P),1502
Andhra Pradesh,THREE WHEELER (PASSENGER),1412
Andhra Pradesh,E-RICKSHAW WITH CART (G),863
Andhra Pradesh,GOODS CARRIER,739
Andhra Pradesh,M-CYCLE/SCOOTER-WITH SIDE CAR,606
Andhra Pradesh,THREE WHEELER (GOODS),409
Andhra Pradesh,MOPED,156
Andhra Pradesh,BUS,108
Andhra Pradesh,MOTOR CAB,51
Andhra Pradesh,CONSTRUCTION EQUIPMENT VEHICLE,13
Andhra Pradesh,OMNI BUS,12
Andhra Pradesh,EXCAVATOR (COMMERCIAL),5
Andhra Pradesh,ADAPTED VEHICLE,3
Andhra Pradesh,ARTICULATED VEHICLE,2
Andhra Pradesh,PRIVATE SERVICE VEHICLE,2
Andhra Pradesh,AGRICULTURAL TRACTOR,1
Andhra Pradesh,THREE WHEELER (PERSONAL),1
Andhra Pradesh,MOTOR CYCLE/SCOOTER-USED FOR HIRE,1
Andhra Pradesh,VEHICLE FITTED WITH COMPRESSOR,0
Andhra Pradesh,CAMPER VAN / TRAILER,0
Andhra Pradesh,MOTOR CYCLE/SCOOTER-WITH TRAILER,0
Andhra Pradesh,MOBILE CLINIC,0
Andhra Pradesh,CASH VAN,0
Andhra Pradesh,VEHICLE FITTED WITH RIG,0
Andhra Pradesh,HARVESTER,0
Andhra Pradesh,EXCAVATOR (NT),0
Andhra Pradesh,AMBULANCE,0
Andhra Pradesh,VEHICLE FITTED WITH GENERATOR,0
Andhra Pradesh,CRANE MOUNTED VEHICLE,0
Andhra Pradesh,EDUCATIONAL INSTITUTION BUS,0
Andhra Pradesh,TRAILER FOR PERSONAL USE,0
Andhra Pradesh,LUXURY CAB,0
Andhra Pradesh,POWER TILLER,0
Andhra Pradesh,AUXILIARY TRAILER,0
Andhra Pradesh,MAXI CAB,0
Andhra Pradesh,TRAILER (COMMERCIAL),0
Andhra Pradesh,MOBILE CANTEEN,0
Andhra Pradesh,FIRE TENDERS,0
Andhra Pradesh,LIBRARY VAN,0
Andhra Pradesh,DUMPER,0
Andhra Pradesh,FORK LIFT,0
Andhra Pradesh,ROAD ROLLER,0
Andhra Pradesh,RECOVERY VEHICLE,0
Andhra Pradesh,TRACTOR (COMMERCIAL),0
Andhra Pradesh,MOBILE WORKSHOP,0
Andhra Pradesh,TRAILER (AGRICULTURAL),0
Andhra Pradesh,HEARSES,0
Andhra Pradesh,FIRE FIGHTING VEHICLE,0
Andhra Pradesh,CAMPER VAN / TRAILER (PRIVATE USE),0
Andhra Pradesh,OMNI BUS (PRIVATE USE),0
Andhra Pradesh,ANIMAL AMBULANCE,0
Arunachal Pradesh,MOTOR CAR,28
Arunachal Pradesh,M-CYCLE/SCOOTER,10
Arunachal Pradesh,THREE WHEELER (GOODS),2
Arunachal Pradesh,CASH VAN,0
Arunachal Pradesh,MOBILE CLINIC,0
Arunachal Pradesh,TRAILER (COMMERCIAL),0
Arunachal Pradesh,AUXILIARY TRAILER,0
Arunachal Pradesh,MOTORISED CYCLE (CC > 25CC),0
Arunachal Pradesh,DUMPER,0
Arunachal Pradesh,CONSTRUCTION EQUIPMENT VEHICLE,0
Arunachal Pradesh,THREE WHEELER (PERSONAL),0
Arunachal Pradesh,TRAILER FOR PERSONAL USE,0
Arunachal Pradesh,FIRE FIGHTING VEHICLE,0
Arunachal Pradesh,CRANE MOUNTED VEHICLE,0
Arunachal Pradesh,EARTH MOVING EQUIPMENT,0
Arunachal Pradesh,ADAPTED VEHICLE,0
Arunachal Pradesh,LUXURY CAB,0
Arunachal Pradesh,FORK LIFT,0
Arunachal Pradesh,MOBILE CANTEEN,0
Arunachal Pradesh,FIRE TENDERS,0
Arunachal Pradesh,OMNI BUS,0
Arunachal Pradesh,LIBRARY VAN,0
Arunachal Pradesh,CAMPER VAN / TRAILER (PRIVATE USE),0
Arunachal Pradesh,THREE WHEELER (PASSENGER),0
Arunachal Pradesh,MAXI CAB,0
Arunachal Pradesh,TRACTOR (COMMERCIAL),0
Arunachal Pradesh,CONSTRUCTION EQUIPMENT VEHICLE (COMMERCIAL),0
Arunachal Pradesh,MOPED,0
Arunachal Pradesh,M-CYCLE/SCOOTER-WITH SIDE CAR,0
Arunachal Pradesh,PRIVATE SERVICE VEHICLE,0
Arunachal Pradesh,OMNI BUS (PRIVATE USE),0
Arunachal Pradesh,ARTICULATED VEHICLE,0
Arunachal Pradesh,ROAD ROLLER,0
Arunachal Pradesh,EDUCATIONAL INSTITUTION BUS,0
Arunachal Pradesh,MODULAR HYDRAULIC TRAILER,0
Arunachal Pradesh,TOW TRUCK,0
Arunachal Pradesh,MOTOR CAB,0
Arunachal Pradesh,PRIVATE SERVICE VEHICLE (INDIVIDUAL USE),0
Arunachal Pradesh,GOODS CARRIER,0
Arunachal Pradesh,CAMPER VAN / TRAILER,0
Arunachal Pradesh,AGRICULTURAL TRACTOR,0
Arunachal Pradesh,EXCAVATOR (NT),0
Arunachal Pradesh,SEMI-TRAILER (COMMERCIAL),0
Arunachal Pradesh,SNORKED LADDERS,0
Arunachal Pradesh,RECOVERY VEHICLE,0
Arunachal Pradesh,ANIMAL AMBULANCE,0
Arunachal Pradesh,TRAILER (AGRICULTURAL),0
Arunachal Pradesh,AMBULANCE,0
Arunachal Pradesh,TRACTOR-TROLLEY(COMMERCIAL),0
Arunachal Pradesh,EXCAVATOR (COMMERCIAL),0
Arunachal Pradesh,BUS,0
Arunachal Pradesh,MOBILE WORKSHOP,0
Assam,E-RICKSHAW(P),137982
Assam,M-CYCLE/SCOOTER,5206
Assam,THREE WHEELER (PASSENGER),4926
Assam,E-RICKSHAW WITH CART (G),2343
Assam,MOTOR CAR,465
Assam,TRAILER (COMMERCIAL),382
Assam,THREE WHEELER (GOODS),324
Assam,BUS,193
Assam,MOTOR CAB,53
Assam,GOODS CARRIER,31
Assam,TRAILER (AGRICULTURAL),5
Assam,TRACTOR (COMMERCIAL),4
Assam,M-CYCLE/SCOOTER-WITH SIDE CAR,2
Assam,EXCAVATOR (NT),1
Assam,OMNI BUS (PRIVATE USE),0
Assam,EARTH MOVING EQUIPMENT,0
Assam,CONSTRUCTION EQUIPMENT VEHICLE (COMMERCIAL),0
Assam,ARTICULATED VEHICLE,0
Assam,HEARSES,0
Assam,AGRICULTURAL TRACTOR,0
Assam,ROAD ROLLER,0
Assam,RECOVERY VEHICLE,0
Assam,HARVESTER,0
Assam,MOPED,0
Assam,CONSTRUCTION EQUIPMENT VEHICLE,0
Assam,FORK LIFT,0
Assam,FIRE FIGHTING VEHICLE,0
Assam,MOBILE WORKSHOP,0
Assam,MOBILE CANTEEN,0
Assam,OMNI BUS,0
Assam,CAMPER VAN / TRAILER (PRIVATE USE),0
Assam,VEHICLE FITTED WITH GENERATOR,0
Assam,ANIMAL AMBULANCE,0
Assam,EXCAVATOR (COMMERCIAL),0
Assam,TOW TRUCK,0
Assam,LIBRARY VAN,0
Assam,DUMPER,0
Assam,AUXILIARY TRAILER,0
Assam,ADAPTED VEHICLE,0
Assam,PRIVATE SERVICE VEHICLE (INDIVIDUAL USE),0
Assam,CAMPER VAN / TRAILER,0
Assam,MOBILE CLINIC,0
Assam,VEHICLE FITTED WITH COMPRESSOR,0
Assam,CASH VAN,0
Assam,VEHICLE FITTED WITH RIG,0
Assam,MOTORISED CYCLE (CC > 25CC),0
Assam,AMBULANCE,0
Assam,THREE WHEELER (PERSONAL),0
Assam,MOTOR CYCLE/SCOOTER-SIDECAR(T),0
Assam,MAXI CAB,0
Assam,PRIVATE SERVICE VEHICLE,0
Assam,FIRE TENDERS,0
Assam,EDUCATIONAL INSTITUTION BUS,0
Assam,TRACTOR-TROLLEY(COMMERCIAL),0
Assam,TOWER WAGON,0
Assam,CRANE MOUNTED VEHICLE,0
Assam,ARMOURED/SPECIALISED VEHICLE,0
Bihar,E-RICKSHAW(P),174880
Bihar,M-CYCLE/SCOOTER,27753
Bihar,THREE WHEELER (PASSENGER),5678
Bihar,E-RICKSHAW WITH CART (G),2981
Bihar,MOTOR CAR,865
Bihar,THREE WHEELER (GOODS),855
Bihar,MOPED,241
Bihar,MOTORISED CYCLE (CC > 25CC),74
Bihar,M-CYCLE/SCOOTER-WITH SIDE CAR,48
Bihar,GOODS CARRIER,36
Bihar,BUS,27
Bihar,MOTOR CAB,16
Bihar,TRAILER (COMMERCIAL),5
Bihar,TRACTOR (COMMERCIAL),4
Bihar,ADAPTED VEHICLE,2
Bihar,CRANE MOUNTED VEHICLE,0
Bihar,TRACTOR-TROLLEY(COMMERCIAL),0
Bihar,MAXI CAB,0
Bihar,AMBULANCE,0
Bihar,HARVESTER,0
Bihar,AGRICULTURAL TRACTOR,0
Bihar,PRIVATE SERVICE VEHICLE (INDIVIDUAL USE),0
Bihar,EARTH MOVING EQUIPMENT,0
Bihar,CONSTRUCTION EQUIPMENT VEHICLE,0
Bihar,MOTOR CYCLE/SCOOTER-USED FOR HIRE,0
Bihar,THREE WHEELER (PERSONAL),0
Bihar,CAMPER VAN / TRAILER (PRIVATE USE),0
Bihar,LUXURY CAB,0
Bihar,FIRE FIGHTING VEHICLE,0
Bihar,MOBILE CANTEEN,0
Bihar,HEARSES,0
Bihar,DUMPER,0
Bihar,LIBRARY VAN,0
Bihar,FIRE TENDERS,0
Bihar,OMNI BUS,0
Bihar,TRAILER (AGRICULTURAL),0
Bihar,OMNI BUS (PRIVATE USE),0
Bihar,CAMPER VAN / TRAILER,0
Bihar,ARTICULATED VEHICLE,0
Bihar,CASH VAN,0
Bihar,AUXILIARY TRAILER,0
Bihar,MOTOR CYCLE/SCOOTER-SIDECAR(T),0
Bihar,EXCAVATOR (COMMERCIAL),0
Chandigarh,E-RICKSHAW(P),4684
Chandigarh,M-CYCLE/SCOOTER,3268
Chandigarh,MOTOR CAR,1489
Chandigarh,E-RICKSHAW WITH CART (G),1211
Chandigarh,THREE WHEELER (PASSENGER),414
Chandigarh,THREE WHEELER (GOODS),128
Chandigarh,MOTORISED CYCLE (CC > 25CC),112
Chandigarh,BUS,80
Chandigarh,GOODS CARRIER,39
Chandigarh,MOPED,15
Chandigarh,MOTOR CAB,12
Chandigarh,MOTOR CARAVAN,1
Chandigarh,EDUCATIONAL INSTITUTION BUS,0
Chandigarh,CAMPER VAN / TRAILER,0
Chandigarh,ARMOURED/SPECIALISED VEHICLE,0
Chandigarh,CRANE MOUNTED VEHICLE,0
Chandigarh,FIRE TENDERS,0
Chandigarh,CONSTRUCTION EQUIPMENT VEHICLE,0
Chandigarh,MOBILE CLINIC,0
Chandigarh,MOTOR CYCLE/SCOOTER-USED FOR HIRE,0
Chandigarh,EARTH MOVING EQUIPMENT,0
Chandigarh,MAXI CAB,0
Chandigarh,PRIVATE SERVICE VEHICLE (INDIVIDUAL USE),0
Chandigarh,DUMPER,0
Chandigarh,ADAPTED VEHICLE,0
Chandigarh,CASH VAN,0
Chandigarh,TRAILER (COMMERCIAL),0
Chandigarh,OMNI BUS (PRIVATE USE),0
Chandigarh,MOBILE WORKSHOP,0
Chandigarh,TRACTOR (COMMERCIAL),0
Chandigarh,FORK LIFT,0
Chandigarh,AMBULANCE,0
Chandigarh,AGRICULTURAL TRACTOR,0
Chandigarh,CONSTRUCTION EQUIPMENT VEHICLE (COMMERCIAL),0
Chandigarh,ANIMAL AMBULANCE,0
Chandigarh,HEARSES,0
Chhattisgarh,M-CYCLE/SCOOTER,43889
Chhattisgarh,E-RICKSHAW(P),15943
Chhattisgarh,MOPED,4924
Chhattisgarh,THREE WHEELER (PASSENGER),3949
Chhattisgarh,E-RICKSHAW WITH CART (G),2408
Chhattisgarh,MOTOR CAR,1686
Chhattisgarh,GOODS CARRIER,1095
Chhattisgarh,THREE WHEELER (GOODS),771
Chhattisgarh,CONSTRUCTION EQUIPMENT VEHICLE,460
Chhattisgarh,THREE WHEELER (PERSONAL),68
Chhattisgarh,MOTOR CAB,42
Chhattisgarh,AGRICULTURAL TRACTOR,14
Chhattisgarh,M-CYCLE/SCOOTER-WITH SIDE CAR,13
Chhattisgarh,ROAD ROLLER,4
Chhattisgarh,MOTORISED CYCLE (CC > 25CC),2
Chhattisgarh,TRAILER (AGRICULTURAL),2
Chhattisgarh,TRACTOR (COMMERCIAL),1
Chhattisgarh,OMNI BUS (PRIVATE USE),1
Chhattisgarh,CRANE MOUNTED VEHICLE,1
Chhattisgarh,ADAPTED VEHICLE,1
Chhattisgarh,BUS,1
Chhattisgarh,FIRE FIGHTING VEHICLE,0
Chhattisgarh,OMNI BUS,0
Chhattisgarh,MOTOR CARAVAN,0
Chhattisgarh,ANIMAL AMBULANCE,0
Chhattisgarh,RECOVERY VEHICLE,0
Chhattisgarh,CONSTRUCTION EQUIPMENT VEHICLE (COMMERCIAL),0
Chhattisgarh,EXCAVATOR (COMMERCIAL),0
Chhattisgarh,TRACTOR-TROLLEY(COMMERCIAL),0
Chhattisgarh,AMBULANCE,0
Chhattisgarh,MOBILE WORKSHOP,0
Chhattisgarh,ARTICULATED VEHICLE,0
Chhattisgarh,HEARSES,0
Chhattisgarh,EXCAVATOR (NT),0
Chhattisgarh,MOTOR CYCLE/SCOOTER-SIDECAR(T),0
Chhattisgarh,PRIVATE SERVICE VEHICLE (INDIVIDUAL USE),0
Chhattisgarh,TOW TRUCK,0
Chhattisgarh,EARTH MOVING EQUIPMENT,0
Chhattisgarh,MOTOR CYCLE/SCOOTER-USED FOR HIRE,0
Chhattisgarh,LIBRARY VAN,0
Chhattisgarh,FIRE TENDERS,0
Chhattisgarh,VEHICLE FITTED WITH RIG,0
Chhattisgarh,TOWER WAGON,0
Chhattisgarh,MOBILE CANTEEN,0
Chhattisgarh,DUMPER,0
Chhattisgarh,CASH VAN,0
Chhattisgarh,TRAILER (COMMERCIAL),0
Chhattisgarh,MOBILE CLINIC,0
Chhattisgarh,CAMPER VAN / TRAILER,0
Chhattisgarh,VEHICLE FITTED WITH COMPRESSOR,0
Chhattisgarh,FORK LIFT,0
Chhattisgarh,TRAILER FOR PERSONAL USE,0
Chhattisgarh,MAXI CAB,0
Chhattisgarh,EDUCATIONAL INSTITUTION BUS,0
Chhattisgarh,ARMOURED/SPECIALISED VEHICLE,0
Chhattisgarh,PRIVATE SERVICE VEHICLE,0
Chhattisgarh,X-RAY VAN,0
Chhattisgarh,HARVESTER,0
Chhattisgarh,CAMPER VAN / TRAILER (PRIVATE USE),0
Delhi,E-RICKSHAW(P),134439
Delhi,M-CYCLE/SCOOTER,85189
Delhi,E-RICKSHAW WITH CART (G),13670
Delhi,THREE WHEELER (GOODS),12344
Delhi,MOTOR CAR,12021
Delhi,MOTOR CAB,7143
Delhi,BUS,1730
Delhi,THREE WHEELER (PASSENGER),1415
Delhi,GOODS CARRIER,408
Delhi,MOTORISED CYCLE (CC > 25CC),101
Delhi,MOPED,54
Delhi,M-CYCLE/SCOOTER-WITH SIDE CAR,14
Delhi,ADAPTED VEHICLE,8
Delhi,OMNI BUS,1
Delhi,MAXI CAB,1
Delhi,RECOVERY VEHICLE,0
Delhi,OMNI BUS (PRIVATE USE),0
Delhi,CONSTRUCTION EQUIPMENT VEHICLE (COMMERCIAL),0
Delhi,CASH VAN,0
Delhi,AMBULANCE,0
Delhi,MOBILE CLINIC,0
Delhi,ARMOURED/SPECIALISED VEHICLE,0
Delhi,PRIVATE SERVICE VEHICLE (INDIVIDUAL USE),0
Delhi,AGRICULTURAL TRACTOR,0
Delhi,FIRE FIGHTING VEHICLE,0
Delhi,CONSTRUCTION EQUIPMENT VEHICLE,0
Delhi,CRANE MOUNTED VEHICLE,0
Delhi,MOBILE WORKSHOP,0
Delhi,LIBRARY VAN,0
Delhi,LUXURY CAB,0
Delhi,EDUCATIONAL INSTITUTION BUS,0
Delhi,THREE WHEELER (PERSONAL),0
Delhi,FIRE TENDERS,0
Delhi,ANIMAL AMBULANCE,0
DNH and DD,M-CYCLE/SCOOTER,128
DNH and DD,MOPED,126
DNH and DD,MOTOR CAR,65
DNH and DD,THREE WHEELER (PASSENGER),39
DNH and DD,THREE WHEELER (GOODS),32
DNH and DD,BUS,16
DNH and DD,OMNI BUS,9
DNH and DD,FORK LIFT,4
DNH and DD,GOODS CARRIER,3
DNH and DD,MOTOR CAB,3
DNH and DD,E-RICKSHAW(P),2
DNH and DD,MOTORISED CYCLE (CC > 25CC),2
DNH and DD,TRAILER (COMMERCIAL),1
DNH and DD,THREE WHEELER (PERSONAL),1
DNH and DD,PRIVATE SERVICE VEHICLE (INDIVIDUAL USE),0
DNH and DD,CAMPER VAN / TRAILER,0
DNH and DD,TOW TRUCK,0
DNH and DD,CRANE MOUNTED VEHICLE,0
DNH and DD,TRAILER FOR PERSONAL USE,0
DNH and DD,MOBILE CANTEEN,0
DNH and DD,DUMPER,0
DNH and DD,MOTOR CYCLE/SCOOTER-USED FOR HIRE,0
DNH and DD,FIRE FIGHTING VEHICLE,0
DNH and DD,SNORKED LADDERS,0
DNH and DD,HEARSES,0
DNH and DD,AGRICULTURAL TRACTOR,0
DNH and DD,CONSTRUCTION EQUIPMENT VEHICLE (COMMERCIAL),0
DNH and DD,CONSTRUCTION EQUIPMENT VEHICLE,0
DNH and DD,TRAILER (AGRICULTURAL),0
DNH and DD,ANIMAL AMBULANCE,0
DNH and DD,ARTICULATED VEHICLE,0
DNH and DD,EXCAVATOR (COMMERCIAL),0
DNH and DD,ROAD ROLLER,0
DNH and DD,POWER TILLER (COMMERCIAL),0
DNH and DD,CAMPER VAN / TRAILER (PRIVATE USE),0
DNH and DD,EARTH MOVING EQUIPMENT,0
DNH and DD,MAXI CAB,0
DNH and DD,EDUCATIONAL INSTITUTION BUS,0
DNH and DD,EXCAVATOR (NT),0
DNH and DD,TRACTOR-TROLLEY(COMMERCIAL),0
DNH and DD,M-CYCLE/SCOOTER-WITH SIDE CAR,0
DNH and DD,FIRE TENDERS,0
DNH and DD,AUXILIARY TRAILER,0
DNH and DD,MOBILE CLINIC,0
DNH and DD,PRIVATE SERVICE VEHICLE,0
DNH and DD,OMNI BUS (PRIVATE USE),0
DNH and DD,TRACTOR (COMMERCIAL),0
DNH and DD,VEHICLE FITTED WITH RIG,0
DNH and DD,AMBULANCE,0
DNH and DD,ADAPTED VEHICLE,0
Goa,M-CYCLE/SCOOTER,15054
Goa,MOTOR CAR,1921
Goa,BUS,107
Goa,MOTORISED CYCLE (CC > 25CC),65
Goa,E-RICKSHAW WITH CART (G),60
Goa,GOODS CARRIER,47
Goa,MOTOR CYCLE/SCOOTER-WITH TRAILER,40
Goa,MOPED,30
Goa,THREE WHEELER (GOODS),16
Goa,THREE WHEELER (PASSENGER),14
Goa,E-RICKSHAW(P),12
Goa,THREE WHEELER (PERSONAL),8
Goa,M-CYCLE/SCOOTER-WITH SIDE CAR,2
Goa,FORK LIFT,2
Goa,MOTOR CAB,2
Goa,OMNI BUS,1
Goa,MAXI CAB,1
Goa,TRACTOR-TROLLEY(COMMERCIAL),0
Goa,VEHICLE FITTED WITH COMPRESSOR,0
Goa,AMBULANCE,0
Goa,TRAILER (COMMERCIAL),0
Goa,CASH VAN,0
Goa,MOBILE CLINIC,0
Goa,VEHICLE FITTED WITH RIG,0
Goa,ROAD ROLLER,0
Goa,MOTOR CYCLE/SCOOTER-SIDECAR(T),0
Goa,OMNI BUS (PRIVATE USE),0
Goa,PRIVATE SERVICE VEHICLE,0
Goa,FIRE TENDERS,0
Goa,CONSTRUCTION EQUIPMENT VEHICLE,0
Goa,ADAPTED VEHICLE,0
Goa,MOTOR CYCLE/SCOOTER-USED FOR HIRE,0
Goa,EARTH MOVING EQUIPMENT,0
Goa,DUMPER,0
Goa,PRIVATE SERVICE VEHICLE (INDIVIDUAL USE),0
Goa,HEARSES,0
Goa,MOBILE WORKSHOP,0
Goa,AGRICULTURAL TRACTOR,0
Goa,MOBILE CANTEEN,0
Goa,LIBRARY VAN,0
Goa,TOW TRUCK,0
Goa,TRAILER FOR PERSONAL USE,0
Goa,VEHICLE FITTED WITH GENERATOR,0
Goa,CAMPER VAN / TRAILER (PRIVATE USE),0
Goa,FIRE FIGHTING VEHICLE,0
Goa,TRAILER (AGRICULTURAL),0
Goa,CRANE MOUNTED VEHICLE,0
Goa,ANIMAL AMBULANCE,0
Goa,EDUCATIONAL INSTITUTION BUS,0
Goa,TRACTOR (COMMERCIAL),0
Goa,EXCAVATOR (NT),0
Goa,EXCAVATOR (COMMERCIAL),0
Goa,RECOVERY VEHICLE,0
Goa,BULLDOZER,0
Goa,TOWER WAGON,0
Goa,CONSTRUCTION EQUIPMENT VEHICLE (COMMERCIAL),0
Gujarat,M-CYCLE/SCOOTER,141152
Gujarat,MOPED,16165
Gujarat,MOTOR CAR,10865
Gujarat,THREE WHEELER (GOODS),3415
Gujarat,THREE WHEELER (PASSENGER),1253
Gujarat,E-RICKSHAW WITH CART (G),979
Gujarat,E-RICKSHAW(P),778
Gujarat,BUS,622
Gujarat,MOTORISED CYCLE (CC > 25CC),545
Gujarat,GOODS CARRIER,384
Gujarat,FORK LIFT,293
Gujarat,MOTOR CAB,143
Gujarat,ADAPTED VEHICLE,38
Gujarat,THREE WHEELER (PERSONAL),35
Gujarat,CRANE MOUNTED VEHICLE,12
Gujarat,M-CYCLE/SCOOTER-WITH SIDE CAR,8
Gujarat,CONSTRUCTION EQUIPMENT VEHICLE,8
Gujarat,TRAILER (AGRICULTURAL),7
Gujarat,AGRICULTURAL TRACTOR,6
Gujarat,EXCAVATOR (COMMERCIAL),1
Gujarat,OMNI BUS,1
Gujarat,MOTOR CYCLE/SCOOTER-USED FOR HIRE,1
Gujarat,AMBULANCE,1
Gujarat,TRAILER (COMMERCIAL),1
Gujarat,MOBILE CLINIC,0
Gujarat,CASH VAN,0
Gujarat,AUXILIARY TRAILER,0
Gujarat,QUADRICYCLE (COMMERCIAL),0
Gujarat,VEHICLE FITTED WITH RIG,0
Gujarat,OMNI BUS (PRIVATE USE),0
Gujarat,EXCAVATOR (NT),0
Gujarat,CONSTRUCTION EQUIPMENT VEHICLE (COMMERCIAL),0
Gujarat,PRIVATE SERVICE VEHICLE,0
Gujarat,TRACTOR-TROLLEY(COMMERCIAL),0
Gujarat,SEMI-TRAILER (COMMERCIAL),0
Gujarat,TOWER WAGON,0
Gujarat,CAMPER VAN / TRAILER,0
Gujarat,TOW TRUCK,0
Gujarat,LUXURY CAB,0
Gujarat,ARMOURED/SPECIALISED VEHICLE,0
Gujarat,LIBRARY VAN,0
Gujarat,FIRE TENDERS,0
Gujarat,PRIVATE SERVICE VEHICLE (INDIVIDUAL USE),0
Gujarat,TRAILER FOR PERSONAL USE,0
Gujarat,MAXI CAB,0
Gujarat,RECOVERY VEHICLE,0
Gujarat,EDUCATIONAL INSTITUTION BUS,0
Gujarat,POWER TILLER,0
Gujarat,MOTOR CYCLE/SCOOTER-SIDECAR(T),0
Gujarat,TRACTOR (COMMERCIAL),0
Gujarat,VEHICLE FITTED WITH COMPRESSOR,0
Gujarat,QUADRICYCLE (PRIVATE),0
Gujarat,ANIMAL AMBULANCE,0
Gujarat,HARVESTER,0
Gujarat,SNORKED LADDERS,0
Gujarat,BREAKDOWN VAN,0
Gujarat,X-RAY VAN,0
Gujarat,VEHICLE FITTED WITH GENERATOR,0
Gujarat,ARTICULATED VEHICLE,0
Gujarat,HEARSES,0
Gujarat,MOBILE WORKSHOP,0
Gujarat,ROAD ROLLER,0
Gujarat,EARTH MOVING EQUIPMENT,0
Gujarat,FIRE FIGHTING VEHICLE,0
Gujarat,CAMPER VAN / TRAILER (PRIVATE USE),0
Gujarat,TREE TRIMMING VEHICLE,0
Gujarat,MOBILE CANTEEN,0
Gujarat,DUMPER,0
Haryana,E-RICKSHAW(P),43732
Haryana,M-CYCLE/SCOOTER,25713
Haryana,E-RICKSHAW WITH CART (G),4929
Haryana,THREE WHEELER (PASSENGER),3701
Haryana,MOTOR CAR,2687
Haryana,MOTOR CAB,1314
Haryana,THREE WHEELER (GOODS),1249
Haryana,MOTORISED CYCLE (CC > 25CC),1173
Haryana,MOPED,387
Haryana,GOODS CARRIER,204
Haryana,MOTOR CYCLE/SCOOTER-USED FOR HIRE,52
Haryana,M-CYCLE/SCOOTER-WITH SIDE CAR,45
Haryana,AGRICULTURAL TRACTOR,37
Haryana,BUS,16
Haryana,MOTOR CYCLE/SCOOTER-SIDECAR(T),6
Haryana,ADAPTED VEHICLE,1
Haryana,CRANE MOUNTED VEHICLE,1
Haryana,FORK LIFT,1
Haryana,HARVESTER,1
Haryana,EARTH MOVING EQUIPMENT,1
Haryana,X-RAY VAN,0
Haryana,ANIMAL AMBULANCE,0
Haryana,OMNI BUS,0
Haryana,CAMPER VAN / TRAILER (PRIVATE USE),0
Haryana,CONSTRUCTION EQUIPMENT VEHICLE,0
Haryana,TRAILER (AGRICULTURAL),0
Haryana,POWER TILLER (COMMERCIAL),0
Haryana,MOBILE WORKSHOP,0
Haryana,BREAKDOWN VAN,0
Haryana,ROAD ROLLER,0
Haryana,VEHICLE FITTED WITH GENERATOR,0
Haryana,OMNI BUS (PRIVATE USE),0
Haryana,ARTICULATED VEHICLE,0
Haryana,MOBILE CANTEEN,0
Haryana,EDUCATIONAL INSTITUTION BUS,0
Haryana,CASH VAN,0
Haryana,TRAILER (COMMERCIAL),0
Haryana,VEHICLE FITTED WITH COMPRESSOR,0
Haryana,DUMPER,0
Haryana,QUADRICYCLE (COMMERCIAL),0
Haryana,THREE WHEELER (PERSONAL),0
Haryana,CAMPER VAN / TRAILER,0
Haryana,TOWER WAGON,0
Haryana,TRAILER FOR PERSONAL USE,0
Haryana,PRIVATE SERVICE VEHICLE (INDIVIDUAL USE),0
Haryana,AMBULANCE,0
Haryana,LIBRARY VAN,0
Haryana,MOBILE CLINIC,0
Haryana,VEHICLE FITTED WITH RIG,0
Haryana,LUXURY CAB,0
Haryana,MAXI CAB,0
Haryana,PRIVATE SERVICE VEHICLE,0
Haryana,FIRE TENDERS,0
Haryana,ARMOURED/SPECIALISED VEHICLE,0
Haryana,TOW TRUCK,0
Haryana,TREE TRIMMING VEHICLE,0
Haryana,HEARSES,0
Haryana,EXCAVATOR (NT),0
Haryana,FIRE FIGHTING VEHICLE,0
Haryana,TRACTOR (COMMERCIAL),0
Haryana,BULLDOZER,0
Haryana,RECOVERY VEHICLE,0
Haryana,CONSTRUCTION EQUIPMENT VEHICLE (COMMERCIAL),0
Haryana,EXCAVATOR (COMMERCIAL),0
Himachal Pradesh,M-CYCLE/SCOOTER,2172
Himachal Pradesh,MOTOR CAR,224
Himachal Pradesh,E-RICKSHAW(P),188
Himachal Pradesh,BUS,88
Himachal Pradesh,MAXI CAB,43
Himachal Pradesh,MOPED,35
Himachal Pradesh,OMNI BUS,30
Himachal Pradesh,MOTORISED CYCLE (CC > 25CC),29
Himachal Pradesh,THREE WHEELER (PASSENGER),27
Himachal Pradesh,GOODS CARRIER,15
Himachal Pradesh,E-RICKSHAW WITH CART (G),10
Himachal Pradesh,M-CYCLE/SCOOTER-WITH SIDE CAR,10
Himachal Pradesh,PRIVATE SERVICE VEHICLE (INDIVIDUAL USE),5
Himachal Pradesh,MOTOR CAB,3
Himachal Pradesh,THREE WHEELER (GOODS),3
Himachal Pradesh,THREE WHEELER (PERSONAL),2
Himachal Pradesh,EARTH MOVING EQUIPMENT,1
Himachal Pradesh,PRIVATE SERVICE VEHICLE,1
Himachal Pradesh,TRAILER (COMMERCIAL),0
Himachal Pradesh,TRACTOR-TROLLEY(COMMERCIAL),0
Himachal Pradesh,AMBULANCE,0
Himachal Pradesh,OMNI BUS (PRIVATE USE),0
Himachal Pradesh,BREAKDOWN VAN,0
Himachal Pradesh,VEHICLE FITTED WITH COMPRESSOR,0
Himachal Pradesh,EXCAVATOR (NT),0
Himachal Pradesh,ADAPTED VEHICLE,0
Himachal Pradesh,TRACTOR (COMMERCIAL),0
Himachal Pradesh,ROAD ROLLER,0
Himachal Pradesh,EXCAVATOR (COMMERCIAL),0
Himachal Pradesh,MOBILE CLINIC,0
Himachal Pradesh,HEARSES,0
Himachal Pradesh,VEHICLE FITTED WITH GENERATOR,0
Himachal Pradesh,FIRE FIGHTING VEHICLE,0
Himachal Pradesh,AGRICULTURAL TRACTOR,0
Himachal Pradesh,FORK LIFT,0
Himachal Pradesh,CONSTRUCTION EQUIPMENT VEHICLE,0
Himachal Pradesh,TRAILER FOR PERSONAL USE,0
Himachal Pradesh,CAMPER VAN / TRAILER,0
Himachal Pradesh,RECOVERY VEHICLE,0
Himachal Pradesh,HARVESTER,0
Himachal Pradesh,ARMOURED/SPECIALISED VEHICLE,0
Himachal Pradesh,VEHICLE FITTED WITH RIG,0
Himachal Pradesh,CRANE MOUNTED VEHICLE,0
Himachal Pradesh,EDUCATIONAL INSTITUTION BUS,0
Himachal Pradesh,TOW TRUCK,0
Himachal Pradesh,MOBILE CANTEEN,0
Himachal Pradesh,MOTOR CYCLE/SCOOTER-USED FOR HIRE,0
Himachal Pradesh,FIRE TENDERS,0
Himachal Pradesh,DUMPER,0
Himachal Pradesh,MOBILE WORKSHOP,0
Himachal Pradesh,CAMPER VAN / TRAILER (PRIVATE USE),0
Himachal Pradesh,ANIMAL AMBULANCE,0
Himachal Pradesh,TREE TRIMMING VEHICLE,0
Himachal Pradesh,TRAILER (AGRICULTURAL),0
Jammu and Kashmir,E-RICKSHAW(P),7812
Jammu and Kashmir,MOPED,4708
Jammu and Kashmir,THREE WHEELER (PASSENGER),2760
Jammu and Kashmir,M-CYCLE/SCOOTER,804
Jammu and Kashmir,E-RICKSHAW WITH CART (G),314
Jammu and Kashmir,MOTOR CAR,210
Jammu and Kashmir,BUS,190
Jammu and Kashmir,THREE WHEELER (GOODS),37
Jammu and Kashmir,OMNI BUS,2
Jammu and Kashmir,GOODS CARRIER,2
Jammu and Kashmir,AGRICULTURAL TRACTOR,1
Jammu and Kashmir,TRAILER FOR PERSONAL USE,0
Jammu and Kashmir,THREE WHEELER (PERSONAL),0
Jammu and Kashmir,EDUCATIONAL INSTITUTION BUS,0
Jammu and Kashmir,FIRE TENDERS,0
Jammu and Kashmir,FORK LIFT,0
Jammu and Kashmir,VEHICLE FITTED WITH RIG,0
Jammu and Kashmir,LUXURY CAB,0
Jammu and Kashmir,ADAPTED VEHICLE,0
Jammu and Kashmir,DUMPER,0
Jammu and Kashmir,MOBILE CLINIC,0
Jammu and Kashmir,CASH VAN,0
Jammu and Kashmir,MOBILE CANTEEN,0
Jammu and Kashmir,FIRE FIGHTING VEHICLE,0
Jammu and Kashmir,PRIVATE SERVICE VEHICLE (INDIVIDUAL USE),0
Jammu and Kashmir,CRANE MOUNTED VEHICLE,0
Jammu and Kashmir,HEARSES,0
Jammu and Kashmir,BREAKDOWN VAN,0
Jammu and Kashmir,VEHICLE FITTED WITH COMPRESSOR,0
Jammu and Kashmir,MOTOR CAB,0
Jammu and Kashmir,PRIVATE SERVICE VEHICLE,0
Jammu and Kashmir,CAMPER VAN / TRAILER,0
Jammu and Kashmir,CONSTRUCTION EQUIPMENT VEHICLE (COMMERCIAL),0
Jammu and Kashmir,EXCAVATOR (NT),0
Jammu and Kashmir,MAXI CAB,0
Jammu and Kashmir,AMBULANCE,0
Jammu and Kashmir,TRACTOR (COMMERCIAL),0
Jammu and Kashmir,OMNI BUS (PRIVATE USE),0
Jammu and Kashmir,M-CYCLE/SCOOTER-WITH SIDE CAR,0
Jammu and Kashmir,ARMOURED/SPECIALISED VEHICLE,0
Jammu and Kashmir,RECOVERY VEHICLE,0
Jammu and Kashmir,CAMPER VAN / TRAILER (PRIVATE USE),0
Jammu and Kashmir,CONSTRUCTION EQUIPMENT VEHICLE,0
Jammu and Kashmir,EARTH MOVING EQUIPMENT,0
Jammu and Kashmir,MOTORISED CYCLE (CC > 25CC),0
Jammu and Kashmir,MOBILE WORKSHOP,0
Jammu and Kashmir,ARTICULATED VEHICLE,0
Jammu and Kashmir,TRAILER (AGRICULTURAL),0
Jammu and Kashmir,HARVESTER,0
Jammu and Kashmir,X-RAY VAN,0
Jammu and Kashmir,EXCAVATOR (COMMERCIAL),0
Jammu and Kashmir,ANIMAL AMBULANCE,0
Jammu and Kashmir,TRACTOR-TROLLEY(COMMERCIAL),0
Jharkhand,E-RICKSHAW(P),26189
Jharkhand,M-CYCLE/SCOOTER,16685
Jharkhand,THREE WHEELER (PASSENGER),2589
Jharkhand,MOTOR CAR,602
Jharkhand,MOTORISED CYCLE (CC > 25CC),590
Jharkhand,E-RICKSHAW WITH CART (G),513
Jharkhand,THREE WHEELER (GOODS),479
Jharkhand,MOTOR CAB,187
Jharkhand,GOODS CARRIER,23
Jharkhand,TRACTOR-TROLLEY(COMMERCIAL),7
Jharkhand,MOPED,2
Jharkhand,BUS,2
Jharkhand,TRAILER (COMMERCIAL),2
Jharkhand,MAXI CAB,1
Jharkhand,MOBILE CLINIC,0
Jharkhand,ROAD ROLLER,0
Jharkhand,VEHICLE FITTED WITH COMPRESSOR,0
Jharkhand,OMNI BUS (PRIVATE USE),0
Jharkhand,ARTICULATED VEHICLE,0
Jharkhand,PRIVATE SERVICE VEHICLE,0
Jharkhand,CASH VAN,0
Jharkhand,TRACTOR (COMMERCIAL),0
Jharkhand,EXCAVATOR (NT),0
Jharkhand,CONSTRUCTION EQUIPMENT VEHICLE (COMMERCIAL),0
Jharkhand,CAMPER VAN / TRAILER,0
Jharkhand,M-CYCLE/SCOOTER-WITH SIDE CAR,0
Jharkhand,TOWER WAGON,0
Jharkhand,TRAILER (AGRICULTURAL),0
Jharkhand,SNORKED LADDERS,0
Jharkhand,MOTOR CYCLE/SCOOTER-USED FOR HIRE,0
Jharkhand,MOBILE CANTEEN,0
Jharkhand,FIRE TENDERS,0
Jharkhand,HEARSES,0
Jharkhand,AGRICULTURAL TRACTOR,0
Jharkhand,FIRE FIGHTING VEHICLE,0
Jharkhand,EARTH MOVING EQUIPMENT,0
Jharkhand,POWER TILLER (COMMERCIAL),0
Jharkhand,MOBILE WORKSHOP,0
Jharkhand,LUXURY CAB,0
Jharkhand,FORK LIFT,0
Jharkhand,AMBULANCE,0
Jharkhand,EXCAVATOR (COMMERCIAL),0
Jharkhand,PRIVATE SERVICE VEHICLE (INDIVIDUAL USE),0
Jharkhand,ADAPTED VEHICLE,0
Jharkhand,VEHICLE FITTED WITH RIG,0
Jharkhand,VEHICLE FITTED WITH GENERATOR,0
Jharkhand,CONSTRUCTION EQUIPMENT VEHICLE,0
Jharkhand,DUMPER,0
Jharkhand,EDUCATIONAL INSTITUTION BUS,0
Jharkhand,AUXILIARY TRAILER,0
Jharkhand,OMNI BUS,0
Jharkhand,LIBRARY VAN,0
Jharkhand,CRANE MOUNTED VEHICLE,0
Jharkhand,THREE WHEELER (PERSONAL),0
Karnataka,M-CYCLE/SCOOTER,254789
Karnataka,MOTOR CAR,17016
Karnataka,MOTOR CYCLE/SCOOTER-USED FOR HIRE,11493
Karnataka,MOPED,6541
Karnataka,THREE WHEELER (GOODS),5959
Karnataka,MOTORISED CYCLE (CC > 25CC),5587
Karnataka,MOTOR CAB,5051
Karnataka,THREE WHEELER (PASSENGER),5000
Karnataka,E-RICKSHAW WITH CART (G),1615
Karnataka,E-RICKSHAW(P),833
Karnataka,BUS,764
Karnataka,GOODS CARRIER,314
Karnataka,M-CYCLE/SCOOTER-WITH SIDE CAR,261
Karnataka,TRAILER (AGRICULTURAL),97
Karnataka,MAXI CAB,46
Karnataka,THREE WHEELER (PERSONAL),44
Karnataka,ADAPTED VEHICLE,34
Karnataka,LUXURY CAB,22
Karnataka,MOTOR CYCLE/SCOOTER-SIDECAR(T),13
Karnataka,MOTOR CYCLE/SCOOTER-WITH TRAILER,7
Karnataka,PRIVATE SERVICE VEHICLE (INDIVIDUAL USE),5
Karnataka,AGRICULTURAL TRACTOR,5
Karnataka,TRAILER (COMMERCIAL),1
Karnataka,CRANE MOUNTED VEHICLE,1
Karnataka,TREE TRIMMING VEHICLE,0
Karnataka,LIBRARY VAN,0
Karnataka,TRACTOR-TROLLEY(COMMERCIAL),0
Karnataka,TOWER WAGON,0
Karnataka,AMBULANCE,0
Karnataka,CAMPER VAN / TRAILER,0
Karnataka,ARMOURED/SPECIALISED VEHICLE,0
Karnataka,DUMPER,0
Karnataka,POWER TILLER,0
Karnataka,CASH VAN,0
Karnataka,TRAILER FOR PERSONAL USE,0
Karnataka,PRIVATE SERVICE VEHICLE,0
Karnataka,QUADRICYCLE (COMMERCIAL),0
Karnataka,VEHICLE FITTED WITH COMPRESSOR,0
Karnataka,POWER TILLER (COMMERCIAL),0
Karnataka,HEARSES,0
Karnataka,CONSTRUCTION EQUIPMENT VEHICLE,0
Karnataka,ANIMAL AMBULANCE,0
Karnataka,VEHICLE FITTED WITH GENERATOR,0
Karnataka,FIRE FIGHTING VEHICLE,0
Karnataka,RECOVERY VEHICLE,0
Karnataka,OMNI BUS,0
Karnataka,EARTH MOVING EQUIPMENT,0
Karnataka,BREAKDOWN VAN,0
Karnataka,EDUCATIONAL INSTITUTION BUS,0
Karnataka,FIRE TENDERS,0
Karnataka,VEHICLE FITTED WITH RIG,0
Karnataka,MOBILE CLINIC,0
Karnataka,TOW TRUCK,0
Karnataka,OMNI BUS (PRIVATE USE),0
Karnataka,BULLDOZER,0
Karnataka,ARTICULATED VEHICLE,0
Karnataka,QUADRICYCLE (PRIVATE),0
Karnataka,X-RAY VAN,0
Karnataka,SEMI-TRAILER (COMMERCIAL),0
Karnataka,CAMPER VAN / TRAILER (PRIVATE USE),0
Karnataka,ROAD ROLLER,0
Karnataka,MOBILE WORKSHOP,0
Karnataka,TRACTOR (COMMERCIAL),0
Karnataka,SNORKED LADDERS,0
Karnataka,MOBILE CANTEEN,0
Karnataka,HARVESTER,0
Karnataka,FORK LIFT,0
Karnataka,EXCAVATOR (COMMERCIAL),0
Karnataka,EXCAVATOR (NT),0
Karnataka,CONSTRUCTION EQUIPMENT VEHICLE (COMMERCIAL),0
Kerala,M-CYCLE/SCOOTER,107840
Kerala,MOTOR CAR,15627
Kerala,THREE WHEELER (PASSENGER),6119
Kerala,E-RICKSHAW(P),1235
Kerala,THREE WHEELER (GOODS),1145
Kerala,E-RICKSHAW WITH CART (G),507
Kerala,MOTORISED CYCLE (CC > 25CC),180
Kerala,BUS,143
Kerala,MOTOR CAB,132
Kerala,GOODS CARRIER,92
Kerala,THREE WHEELER (PERSONAL),85
Kerala,MOTOR CYCLE/SCOOTER-USED FOR HIRE,50
Kerala,M-CYCLE/SCOOTER-WITH SIDE CAR,48
Kerala,ADAPTED VEHICLE,41
Kerala,PRIVATE SERVICE VEHICLE (INDIVIDUAL USE),2
Kerala,TOWER WAGON,0
Kerala,MOTOR CYCLE/SCOOTER-WITH TRAILER,0
Kerala,ARMOURED/SPECIALISED VEHICLE,0
Kerala,AMBULANCE,0
Kerala,CRANE MOUNTED VEHICLE,0
Kerala,CAMPER VAN / TRAILER,0
Kerala,LIBRARY VAN,0
Kerala,FIRE TENDERS,0
Kerala,MOPED,0
Kerala,TRACTOR-TROLLEY(COMMERCIAL),0
Kerala,VEHICLE FITTED WITH COMPRESSOR,0
Kerala,TRAILER (COMMERCIAL),0
Kerala,QUADRICYCLE (COMMERCIAL),0
Kerala,ARTICULATED VEHICLE,0
Kerala,HARVESTER,0
Kerala,CASH VAN,0
Kerala,ROAD ROLLER,0
Kerala,MOBILE CLINIC,0
Kerala,VEHICLE FITTED WITH RIG,0
Kerala,MAXI CAB,0
Kerala,CONSTRUCTION EQUIPMENT VEHICLE (COMMERCIAL),0
Kerala,EXCAVATOR (NT),0
Kerala,POWER TILLER,0
Kerala,PRIVATE SERVICE VEHICLE,0
Kerala,OMNI BUS (PRIVATE USE),0
Kerala,TRACTOR (COMMERCIAL),0
Kerala,MOTOR CYCLE/SCOOTER-SIDECAR(T),0
Kerala,EDUCATIONAL INSTITUTION BUS,0
Kerala,LUXURY CAB,0
Kerala,RECOVERY VEHICLE,0
Kerala,ANIMAL AMBULANCE,0
Kerala,BREAKDOWN VAN,0
Kerala,VEHICLE FITTED WITH GENERATOR,0
Kerala,CONSTRUCTION EQUIPMENT VEHICLE,0
Kerala,QUADRICYCLE (PRIVATE),0
Kerala,HEARSES,0
Kerala,FIRE FIGHTING VEHICLE,0
Kerala,EXCAVATOR (COMMERCIAL),0
Kerala,MOBILE WORKSHOP,0
Kerala,DUMPER,0
Kerala,EARTH MOVING EQUIPMENT,0
Kerala,TOW TRUCK,0
Kerala,OMNI BUS,0
Kerala,MOBILE CANTEEN,0
Kerala,AGRICULTURAL TRACTOR,0
Kerala,FORK LIFT,0
Kerala,CAMPER VAN / TRAILER (PRIVATE USE),0
Ladakh,MOPED,35
Ladakh,M-CYCLE/SCOOTER,23
Ladakh,BUS,19
Ladakh,MOTOR CAR,10
Ladakh,E-RICKSHAW(P),1
Ladakh,AGRICULTURAL TRACTOR,0
Ladakh,ANIMAL AMBULANCE,0
Ladakh,EXCAVATOR (COMMERCIAL),0
Ladakh,TRAILER FOR PERSONAL USE,0
Ladakh,CRANE MOUNTED VEHICLE,0
Ladakh,MAXI CAB,0
Ladakh,PRIVATE SERVICE VEHICLE (INDIVIDUAL USE),0
Ladakh,CONSTRUCTION EQUIPMENT VEHICLE,0
Ladakh,FIRE FIGHTING VEHICLE,0
Ladakh,OMNI BUS (PRIVATE USE),0
Ladakh,MOBILE WORKSHOP,0
Ladakh,PRIVATE SERVICE VEHICLE,0
Ladakh,CAMPER VAN / TRAILER (PRIVATE USE),0
Ladakh,TRACTOR (COMMERCIAL),0
Ladakh,EXCAVATOR (NT),0
Ladakh,AMBULANCE,0
Ladakh,CONSTRUCTION EQUIPMENT VEHICLE (COMMERCIAL),0
Ladakh,OMNI BUS,0
Ladakh,GOODS CARRIER,0
Ladakh,CAMPER VAN / TRAILER,0
Ladakh,MOTOR CAB,0
Ladakh,MOBILE CLINIC,0
Ladakh,DUMPER,0
Ladakh,MOTOR CYCLE/SCOOTER-SIDECAR(T),0
Ladakh,EDUCATIONAL INSTITUTION BUS,0
Ladakh,TRAILER (COMMERCIAL),0
Ladakh,AUXILIARY TRAILER,0
Ladakh,MOTOR CYCLE/SCOOTER-USED FOR HIRE,0
Ladakh,THREE WHEELER (GOODS),0
Ladakh,EARTH MOVING EQUIPMENT,0
Ladakh,ADAPTED VEHICLE,0
Madhya Pradesh,M-CYCLE/SCOOTER,70077
Madhya Pradesh,E-RICKSHAW(P),52657
Madhya Pradesh,E-RICKSHAW WITH CART (G),4671
Madhya Pradesh,MOTOR CAR,2366
Madhya Pradesh,THREE WHEELER (PASSENGER),2327
Madhya Pradesh,THREE WHEELER (GOODS),453
Madhya Pradesh,MOPED,343
Madhya Pradesh,GOODS CARRIER,87
Madhya Pradesh,BUS,76
Madhya Pradesh,MOTOR CAB,75
Madhya Pradesh,THREE WHEELER (PERSONAL),33
Madhya Pradesh,PRIVATE SERVICE VEHICLE,12
Madhya Pradesh,AGRICULTURAL TRACTOR,4
Madhya Pradesh,MAXI CAB,1
Madhya Pradesh,MOBILE CANTEEN,0
Madhya Pradesh,LUXURY CAB,0
Madhya Pradesh,ARMOURED/SPECIALISED VEHICLE,0
Madhya Pradesh,MOTORISED CYCLE (CC > 25CC),0
Madhya Pradesh,FORK LIFT,0
Madhya Pradesh,CASH VAN,0
Madhya Pradesh,EDUCATIONAL INSTITUTION BUS,0
Madhya Pradesh,EARTH MOVING EQUIPMENT,0
Madhya Pradesh,TOWER WAGON,0
Madhya Pradesh,ADAPTED VEHICLE,0
Madhya Pradesh,VEHICLE FITTED WITH RIG,0
Madhya Pradesh,MOBILE CLINIC,0
Madhya Pradesh,MOTOR CYCLE/SCOOTER-WITH TRAILER,0
Madhya Pradesh,VEHICLE FITTED WITH COMPRESSOR,0
Madhya Pradesh,MOTOR CYCLE/SCOOTER-USED FOR HIRE,0
Madhya Pradesh,TRAILER (COMMERCIAL),0
Madhya Pradesh,MOTOR CYCLE/SCOOTER-SIDECAR(T),0
Madhya Pradesh,QUADRICYCLE (COMMERCIAL),0
Madhya Pradesh,CAMPER VAN / TRAILER,0
Madhya Pradesh,FIRE FIGHTING VEHICLE,0
Madhya Pradesh,TRACTOR (COMMERCIAL),0
Madhya Pradesh,CAMPER VAN / TRAILER (PRIVATE USE),0
Madhya Pradesh,HEARSES,0
Madhya Pradesh,OMNI BUS (PRIVATE USE),0
Madhya Pradesh,TRACTOR-TROLLEY(COMMERCIAL),0
Madhya Pradesh,EXCAVATOR (NT),0
Madhya Pradesh,ROAD ROLLER,0
Madhya Pradesh,OMNI BUS,0
Madhya Pradesh,CONSTRUCTION EQUIPMENT VEHICLE (COMMERCIAL),0
Madhya Pradesh,ARTICULATED VEHICLE,0
Madhya Pradesh,HARVESTER,0
Madhya Pradesh,RECOVERY VEHICLE,0
Madhya Pradesh,TRAILER (AGRICULTURAL),0
Madhya Pradesh,BREAKDOWN VAN,0
Madhya Pradesh,AMBULANCE,0
Madhya Pradesh,QUADRICYCLE (PRIVATE),0
Madhya Pradesh,ANIMAL AMBULANCE,0
Madhya Pradesh,MOBILE WORKSHOP,0
Madhya Pradesh,PRIVATE SERVICE VEHICLE (INDIVIDUAL USE),0
Madhya Pradesh,CRANE MOUNTED VEHICLE,0
Madhya Pradesh,M-CYCLE/SCOOTER-WITH SIDE CAR,0
Madhya Pradesh,FIRE TENDERS,0
Madhya Pradesh,DUMPER,0
Madhya Pradesh,CONSTRUCTION EQUIPMENT VEHICLE,0
Madhya Pradesh,LIBRARY VAN,0
Madhya Pradesh,VEHICLE FITTED WITH GENERATOR,0
Maharashtra,M-CYCLE/SCOOTER,330422
Maharashtra,MOTOR CAR,29253
Maharashtra,E-RICKSHAW(P),13359
Maharashtra,MOPED,11670
Maharashtra,E-RICKSHAW WITH CART (G),4678
Maharashtra,THREE WHEELER (GOODS),3941
Maharashtra,MOTOR CAB,3063
Maharashtra,THREE WHEELER (PASSENGER),2651
Maharashtra,BUS,1712
Maharashtra,GOODS CARRIER,575
Maharashtra,MOTORISED CYCLE (CC > 25CC),132
Maharashtra,THREE WHEELER (PERSONAL),38
Maharashtra,ADAPTED VEHICLE,9
Maharashtra,FORK LIFT,9
Maharashtra,M-CYCLE/SCOOTER-WITH SIDE CAR,7
Maharashtra,MOTOR CYCLE/SCOOTER-USED FOR HIRE,5
Maharashtra,AGRICULTURAL TRACTOR,4
Maharashtra,TRAILER (AGRICULTURAL),2
Maharashtra,PRIVATE SERVICE VEHICLE,1
Maharashtra,TRAILER FOR PERSONAL USE,1
Maharashtra,MAXI CAB,1
Maharashtra,CRANE MOUNTED VEHICLE,1
Maharashtra,LUXURY CAB,1
Maharashtra,MODULAR HYDRAULIC TRAILER,0
Maharashtra,TOW TRUCK,0
Maharashtra,FIRE TENDERS,0
Maharashtra,POWER TILLER,0
Maharashtra,VEHICLE FITTED WITH RIG,0
Maharashtra,MOBILE CLINIC,0
Maharashtra,LIBRARY VAN,0
Maharashtra,MOTOR CYCLE/SCOOTER-SIDECAR(T),0
Maharashtra,QUADRICYCLE (COMMERCIAL),0
Maharashtra,PRIVATE SERVICE VEHICLE (INDIVIDUAL USE),0
Maharashtra,TRACTOR-TROLLEY(COMMERCIAL),0
Maharashtra,CAMPER VAN / TRAILER,0
Maharashtra,CONSTRUCTION EQUIPMENT VEHICLE,0
Maharashtra,VEHICLE FITTED WITH COMPRESSOR,0
Maharashtra,EARTH MOVING EQUIPMENT,0
Maharashtra,TREE TRIMMING VEHICLE,0
Maharashtra,ARMOURED/SPECIALISED VEHICLE,0
Maharashtra,BREAKDOWN VAN,0
Maharashtra,RECOVERY VEHICLE,0
Maharashtra,EXCAVATOR (NT),0
Maharashtra,EXCAVATOR (COMMERCIAL),0
Maharashtra,BULLDOZER,0
Maharashtra,CONSTRUCTION EQUIPMENT VEHICLE (COMMERCIAL),0
Maharashtra,ROAD ROLLER,0
Maharashtra,AMBULANCE,0
Maharashtra,SNORKED LADDERS,0
Maharashtra,X-RAY VAN,0
Maharashtra,MOBILE WORKSHOP,0
Maharashtra,ANIMAL AMBULANCE,0
Maharashtra,HARVESTER,0
Maharashtra,OMNI BUS (PRIVATE USE),0
Maharashtra,VEHICLE FITTED WITH GENERATOR,0
Maharashtra,OMNI BUS,0
Maharashtra,HEARSES,0
Maharashtra,TRACTOR (COMMERCIAL),0
Maharashtra,SEMI-TRAILER (COMMERCIAL),0
Maharashtra,ARTICULATED VEHICLE,0
Maharashtra,QUADRICYCLE (PRIVATE),0
Maharashtra,MOBILE CANTEEN,0
Maharashtra,FIRE FIGHTING VEHICLE,0
Maharashtra,CAMPER VAN / TRAILER (PRIVATE USE),0
Maharashtra,CASH VAN,0
Maharashtra,AUXILIARY TRAILER,0
Maharashtra,DUMPER,0
Maharashtra,EDUCATIONAL INSTITUTION BUS,0
Maharashtra,TOWER WAGON,0
Maharashtra,TRAILER (COMMERCIAL),0
Manipur,E-RICKSHAW(P),903
Manipur,M-CYCLE/SCOOTER,285
Manipur,MOTOR CAR,38
Manipur,THREE WHEELER (PASSENGER),32
Manipur,MOPED,15
Manipur,E-RICKSHAW WITH CART (G),9
Manipur,MOTOR CAB,1
Manipur,GOODS CARRIER,1
Manipur,AMBULANCE,0
Manipur,EXCAVATOR (NT),0
Manipur,RECOVERY VEHICLE,0
Manipur,CONSTRUCTION EQUIPMENT VEHICLE (COMMERCIAL),0
Manipur,EXCAVATOR (COMMERCIAL),0
Manipur,ARTICULATED VEHICLE,0
Manipur,THREE WHEELER (GOODS),0
Manipur,TRAILER FOR PERSONAL USE,0
Manipur,TRAILER (COMMERCIAL),0
Manipur,ADAPTED VEHICLE,0
Manipur,PRIVATE SERVICE VEHICLE (INDIVIDUAL USE),0
Manipur,OMNI BUS,0
Manipur,FIRE TENDERS,0
Manipur,THREE WHEELER (PERSONAL),0
Manipur,CAMPER VAN / TRAILER,0
Manipur,TOW TRUCK,0
Manipur,FORK LIFT,0
Manipur,MAXI CAB,0
Manipur,FIRE FIGHTING VEHICLE,0
Manipur,EDUCATIONAL INSTITUTION BUS,0
Manipur,EARTH MOVING EQUIPMENT,0
Manipur,MOBILE CLINIC,0
Manipur,MOTORISED CYCLE (CC > 25CC),0
Manipur,DUMPER,0
Manipur,CRANE MOUNTED VEHICLE,0
Manipur,CONSTRUCTION EQUIPMENT VEHICLE,0
Manipur,AGRICULTURAL TRACTOR,0
Manipur,OMNI BUS (PRIVATE USE),0
Manipur,TRACTOR (COMMERCIAL),0
Manipur,CAMPER VAN / TRAILER (PRIVATE USE),0
Manipur,M-CYCLE/SCOOTER-WITH SIDE CAR,0
Manipur,ROAD ROLLER,0
Manipur,TRAILER (AGRICULTURAL),0
Manipur,BUS,0
Meghalaya,M-CYCLE/SCOOTER,135
Meghalaya,MOTOR CAR,37
Meghalaya,THREE WHEELER (PASSENGER),16
Meghalaya,THREE WHEELER (PERSONAL),12
Meghalaya,THREE WHEELER (GOODS),5
Meghalaya,GOODS CARRIER,2
Meghalaya,E-RICKSHAW(P),1
Meghalaya,VEHICLE FITTED WITH GENERATOR,0
Meghalaya,ROAD ROLLER,0
Meghalaya,TRAILER (AGRICULTURAL),0
Meghalaya,EXCAVATOR (COMMERCIAL),0
Meghalaya,OMNI BUS,0
Meghalaya,RECOVERY VEHICLE,0
Meghalaya,MOBILE WORKSHOP,0
Meghalaya,EARTH MOVING EQUIPMENT,0
Meghalaya,CAMPER VAN / TRAILER (PRIVATE USE),0
Meghalaya,CONSTRUCTION EQUIPMENT VEHICLE,0
Meghalaya,BUS,0
Meghalaya,FORK LIFT,0
Meghalaya,DUMPER,0
Meghalaya,AGRICULTURAL TRACTOR,0
Meghalaya,BREAKDOWN VAN,0
Meghalaya,HEARSES,0
Meghalaya,FIRE FIGHTING VEHICLE,0
Meghalaya,PRIVATE SERVICE VEHICLE,0
Meghalaya,MOTOR CAB,0
Meghalaya,MOPED,0
Meghalaya,EXCAVATOR (NT),0
Meghalaya,TRACTOR (COMMERCIAL),0
Meghalaya,OMNI BUS (PRIVATE USE),0
Meghalaya,MOBILE CLINIC,0
Meghalaya,M-CYCLE/SCOOTER-WITH SIDE CAR,0
Meghalaya,MAXI CAB,0
Meghalaya,POWER TILLER,0
Meghalaya,TRAILER FOR PERSONAL USE,0
Meghalaya,CAMPER VAN / TRAILER,0
Meghalaya,MOTORISED CYCLE (CC > 25CC),0
Meghalaya,CRANE MOUNTED VEHICLE,0
Meghalaya,VEHICLE FITTED WITH COMPRESSOR,0
Meghalaya,EDUCATIONAL INSTITUTION BUS,0
Meghalaya,TRAILER (COMMERCIAL),0
Meghalaya,FIRE TENDERS,0
Meghalaya,TREE TRIMMING VEHICLE,0
Meghalaya,AMBULANCE,0
Meghalaya,PRIVATE SERVICE VEHICLE (INDIVIDUAL USE),0
Mizoram,M-CYCLE/SCOOTER,233
Mizoram,GOODS CARRIER,1
Mizoram,MOTOR CAR,1
Mizoram,EXCAVATOR (COMMERCIAL),0
Mizoram,EXCAVATOR (NT),0
Mizoram,BUS,0
Mizoram,AMBULANCE,0
Mizoram,RECOVERY VEHICLE,0
Mizoram,VEHICLE FITTED WITH COMPRESSOR,0
Mizoram,MOTOR CYCLE/SCOOTER-SIDECAR(T),0
Mizoram,ROAD ROLLER,0
Mizoram,MAXI CAB,0
Mizoram,M-CYCLE/SCOOTER-WITH SIDE CAR,0
Mizoram,MOTOR CAB,0
Mizoram,BULLDOZER,0
Mizoram,OMNI BUS (PRIVATE USE),0
Mizoram,PRIVATE SERVICE VEHICLE,0
Mizoram,TRACTOR (COMMERCIAL),0
Mizoram,BREAKDOWN VAN,0
Mizoram,MOPED,0
Mizoram,HEARSES,0
Mizoram,AGRICULTURAL TRACTOR,0
Mizoram,MOTORISED CYCLE (CC > 25CC),0
Mizoram,DUMPER,0
Mizoram,PRIVATE SERVICE VEHICLE (INDIVIDUAL USE),0
Mizoram,THREE WHEELER (PASSENGER),0
Mizoram,MOTOR CYCLE/SCOOTER-USED FOR HIRE,0
Mizoram,EARTH MOVING EQUIPMENT,0
Mizoram,VEHICLE FITTED WITH RIG,0
Mizoram,MOBILE CLINIC,0
Mizoram,EDUCATIONAL INSTITUTION BUS,0
Mizoram,THREE WHEELER (GOODS),0
Mizoram,LUXURY CAB,0
Mizoram,OMNI BUS,0
Mizoram,ADAPTED VEHICLE,0
Mizoram,MOBILE CANTEEN,0
Mizoram,CRANE MOUNTED VEHICLE,0
Mizoram,CONSTRUCTION EQUIPMENT VEHICLE,0
Mizoram,FIRE FIGHTING VEHICLE,0
Mizoram,CAMPER VAN / TRAILER (PRIVATE USE),0
Nagaland,M-CYCLE/SCOOTER,47
Nagaland,MOTOR CAR,4
Nagaland,MOPED,1
Nagaland,THREE WHEELER (GOODS),0
Nagaland,TRAILER (COMMERCIAL),0
Nagaland,TRACTOR (COMMERCIAL),0
Nagaland,VEHICLE FITTED WITH COMPRESSOR,0
Nagaland,THREE WHEELER (PASSENGER),0
Nagaland,MOTORISED CYCLE (CC > 25CC),0
Nagaland,OMNI BUS,0
Nagaland,EDUCATIONAL INSTITUTION BUS,0
Nagaland,DUMPER,0
Nagaland,CONSTRUCTION EQUIPMENT VEHICLE,0
Nagaland,BUS,0
Nagaland,AGRICULTURAL TRACTOR,0
Nagaland,TRAILER (AGRICULTURAL),0
Nagaland,FIRE FIGHTING VEHICLE,0
Nagaland,MOTOR CYCLE/SCOOTER-USED FOR HIRE,0
Nagaland,EARTH MOVING EQUIPMENT,0
Nagaland,FORK LIFT,0
Nagaland,GOODS CARRIER,0
Nagaland,EXCAVATOR (NT),0
Nagaland,AMBULANCE,0
Nagaland,M-CYCLE/SCOOTER-WITH SIDE CAR,0
Nagaland,CONSTRUCTION EQUIPMENT VEHICLE (COMMERCIAL),0
Nagaland,MAXI CAB,0
Nagaland,MOTOR CAB,0
Nagaland,EXCAVATOR (COMMERCIAL),0
Nagaland,CRANE MOUNTED VEHICLE,0
Nagaland,ARMOURED/SPECIALISED VEHICLE,0
Odisha,M-CYCLE/SCOOTER,72089
Odisha,E-RICKSHAW(P),5022
Odisha,MOPED,2544
Odisha,MOTOR CAR,1916
Odisha,E-RICKSHAW WITH CART (G),1623
Odisha,THREE WHEELER (GOODS),1349
Odisha,THREE WHEELER (PASSENGER),1101
Odisha,MOTORISED CYCLE (CC > 25CC),798
Odisha,MOTOR CAB,109
Odisha,GOODS CARRIER,96
Odisha,TRAILER (COMMERCIAL),93
Odisha,BUS,51
Odisha,MOTOR CYCLE/SCOOTER-USED FOR HIRE,12
Odisha,M-CYCLE/SCOOTER-WITH SIDE CAR,6
Odisha,TRACTOR (COMMERCIAL),5
Odisha,THREE WHEELER (PERSONAL),3
Odisha,CONSTRUCTION EQUIPMENT VEHICLE,2
Odisha,EARTH MOVING EQUIPMENT,1
Odisha,FORK LIFT,1
Odisha,ADAPTED VEHICLE,1
Odisha,PRIVATE SERVICE VEHICLE,1
Odisha,MOTOR CYCLE/SCOOTER-SIDECAR(T),0
Odisha,VEHICLE FITTED WITH RIG,0
Odisha,FIRE TENDERS,0
Odisha,AUXILIARY TRAILER,0
Odisha,LUXURY CAB,0
Odisha,SNORKED LADDERS,0
Odisha,HEARSES,0
Odisha,EXCAVATOR (NT),0
Odisha,CONSTRUCTION EQUIPMENT VEHICLE (COMMERCIAL),0
Odisha,BULLDOZER,0
Odisha,AGRICULTURAL TRACTOR,0
Odisha,EXCAVATOR (COMMERCIAL),0
Odisha,SEMI-TRAILER (COMMERCIAL),0
Odisha,BREAKDOWN VAN,0
Odisha,FIRE FIGHTING VEHICLE,0
Odisha,AMBULANCE,0
Odisha,PRIVATE SERVICE VEHICLE (INDIVIDUAL USE),0
Odisha,TRACTOR-TROLLEY(COMMERCIAL),0
Odisha,TRAILER FOR PERSONAL USE,0
Odisha,MAXI CAB,0
Odisha,ARMOURED/SPECIALISED VEHICLE,0
Odisha,LIBRARY VAN,0
Odisha,EDUCATIONAL INSTITUTION BUS,0
Odisha,CRANE MOUNTED VEHICLE,0
Odisha,VEHICLE FITTED WITH COMPRESSOR,0
Odisha,TOWER WAGON,0
Odisha,CASH VAN,0
Odisha,DUMPER,0
Odisha,MOBILE CLINIC,0
Odisha,CAMPER VAN / TRAILER,0
Odisha,ANIMAL AMBULANCE,0
Odisha,TRAILER (AGRICULTURAL),0
Odisha,CAMPER VAN / TRAILER (PRIVATE USE),0
Odisha,MOBILE CANTEEN,0
Odisha,OMNI BUS,0
Odisha,MOBILE WORKSHOP,0
Odisha,RECOVERY VEHICLE,0
Odisha,VEHICLE FITTED WITH GENERATOR,0
Odisha,OMNI BUS (PRIVATE USE),0
Odisha,HARVESTER,0
Odisha,ARTICULATED VEHICLE,0
Odisha,ROAD ROLLER,0
Puducherry,M-CYCLE/SCOOTER,4781
Puducherry,MOTOR CAR,129
Puducherry,THREE WHEELER (PASSENGER),56
Puducherry,E-RICKSHAW(P),32
Puducherry,E-RICKSHAW WITH CART (G),31
Puducherry,MOTOR CAB,30
Puducherry,MOPED,28
Puducherry,MOTORISED CYCLE (CC > 25CC),23
Puducherry,THREE WHEELER (GOODS),13
Puducherry,THREE WHEELER (PERSONAL),8
Puducherry,GOODS CARRIER,7
Puducherry,MOBILE CLINIC,1
Puducherry,VEHICLE FITTED WITH RIG,0
Puducherry,ROAD ROLLER,0
Puducherry,TOWER WAGON,0
Puducherry,HARVESTER,0
Puducherry,MAXI CAB,0
Puducherry,TRAILER (COMMERCIAL),0
Puducherry,ADAPTED VEHICLE,0
Puducherry,AMBULANCE,0
Puducherry,M-CYCLE/SCOOTER-WITH SIDE CAR,0
Puducherry,EDUCATIONAL INSTITUTION BUS,0
Puducherry,CRANE MOUNTED VEHICLE,0
Puducherry,BULLDOZER,0
Puducherry,VEHICLE FITTED WITH COMPRESSOR,0
Puducherry,TRACTOR (COMMERCIAL),0
Puducherry,PRIVATE SERVICE VEHICLE,0
Puducherry,OMNI BUS (PRIVATE USE),0
Puducherry,QUADRICYCLE (PRIVATE),0
Puducherry,EXCAVATOR (NT),0
Puducherry,CONSTRUCTION EQUIPMENT VEHICLE,0
Puducherry,MOBILE WORKSHOP,0
Puducherry,ANIMAL AMBULANCE,0
Puducherry,OMNI BUS,0
Puducherry,CAMPER VAN / TRAILER (PRIVATE USE),0
Puducherry,TRAILER FOR PERSONAL USE,0
Puducherry,FORK LIFT,0
Puducherry,DUMPER,0
Puducherry,EARTH MOVING EQUIPMENT,0
Puducherry,PRIVATE SERVICE VEHICLE (INDIVIDUAL USE),0
Puducherry,BUS,0
Puducherry,FIRE FIGHTING VEHICLE,0
Puducherry,AGRICULTURAL TRACTOR,0
Puducherry,FIRE TENDERS,0
Puducherry,TREE TRIMMING VEHICLE,0
Puducherry,TRAILER (AGRICULTURAL),0
Puducherry,MOTOR CYCLE/SCOOTER-USED FOR HIRE,0
Punjab,E-RICKSHAW(P),23442
Punjab,M-CYCLE/SCOOTER,17494
Punjab,MOTORISED CYCLE (CC > 25CC),3843
Punjab,E-RICKSHAW WITH CART (G),1920
Punjab,THREE WHEELER (PASSENGER),981
Punjab,MOTOR CAR,963
Punjab,THREE WHEELER (GOODS),353
Punjab,MOPED,119
Punjab,GOODS CARRIER,116
Punjab,MOTOR CAB,25
Punjab,AGRICULTURAL TRACTOR,16
Punjab,M-CYCLE/SCOOTER-WITH SIDE CAR,5
Punjab,PRIVATE SERVICE VEHICLE,5
Punjab,CAMPER VAN / TRAILER,1
Punjab,MAXI CAB,1
Punjab,BUS,1
Punjab,FORK LIFT,0
Punjab,CRANE MOUNTED VEHICLE,0
Punjab,TRAILER (AGRICULTURAL),0
Punjab,ANIMAL AMBULANCE,0
Punjab,FIRE TENDERS,0
Punjab,EDUCATIONAL INSTITUTION BUS,0
Punjab,CAMPER VAN / TRAILER (PRIVATE USE),0
Punjab,FIRE FIGHTING VEHICLE,0
Punjab,TOW TRUCK,0
Punjab,DUMPER,0
Punjab,TREE TRIMMING VEHICLE,0
Punjab,EARTH MOVING EQUIPMENT,0
Punjab,TRAILER FOR PERSONAL USE,0
Punjab,MOTOR CYCLE/SCOOTER-USED FOR HIRE,0
Punjab,ADAPTED VEHICLE,0
Punjab,CONSTRUCTION EQUIPMENT VEHICLE,0
Punjab,PRIVATE SERVICE VEHICLE (INDIVIDUAL USE),0
Punjab,THREE WHEELER (PERSONAL),0
Punjab,HARVESTER,0
Punjab,TRACTOR-TROLLEY(COMMERCIAL),0
Punjab,BREAKDOWN VAN,0
Punjab,RECOVERY VEHICLE,0
Punjab,CASH VAN,0
Punjab,VEHICLE FITTED WITH RIG,0
Punjab,ARTICULATED VEHICLE,0
Punjab,MOBILE CLINIC,0
Punjab,TRAILER (COMMERCIAL),0
Punjab,ROAD ROLLER,0
Punjab,MOTOR CYCLE/SCOOTER-SIDECAR(T),0
Punjab,VEHICLE FITTED WITH COMPRESSOR,0
Punjab,BULLDOZER,0
Punjab,EXCAVATOR (COMMERCIAL),0
Punjab,HEARSES,0
Punjab,OMNI BUS,0
Punjab,X-RAY VAN,0
Punjab,POWER TILLER (COMMERCIAL),0
Punjab,MOBILE CANTEEN,0
Punjab,MOBILE WORKSHOP,0
Punjab,OMNI BUS (PRIVATE USE),0
Punjab,CONSTRUCTION EQUIPMENT VEHICLE (COMMERCIAL),0
Punjab,AMBULANCE,0
Punjab,TRACTOR (COMMERCIAL),0
Punjab,EXCAVATOR (NT),0
Rajasthan,M-CYCLE/SCOOTER,129813
Rajasthan,E-RICKSHAW(P),67795
Rajasthan,E-RICKSHAW WITH CART (G),12608
Rajasthan,MOTOR CAR,7014
Rajasthan,MOPED,4934
Rajasthan,MOTORISED CYCLE (CC > 25CC),2848
Rajasthan,THREE WHEELER (GOODS),1574
Rajasthan,THREE WHEELER (PASSENGER),1508
Rajasthan,MOTOR CAB,150
Rajasthan,GOODS CARRIER,127
Rajasthan,MOTOR CYCLE/SCOOTER-USED FOR HIRE,89
Rajasthan,M-CYCLE/SCOOTER-WITH SIDE CAR,40
Rajasthan,ADAPTED VEHICLE,32
Rajasthan,BUS,13
Rajasthan,ARTICULATED VEHICLE,8
Rajasthan,AGRICULTURAL TRACTOR,7
Rajasthan,TRACTOR-TROLLEY(COMMERCIAL),5
Rajasthan,MAXI CAB,5
Rajasthan,AMBULANCE,1
Rajasthan,EARTH MOVING EQUIPMENT,1
Rajasthan,CONSTRUCTION EQUIPMENT VEHICLE,1
Rajasthan,EXCAVATOR (COMMERCIAL),0
Rajasthan,VEHICLE FITTED WITH GENERATOR,0
Rajasthan,CAMPER VAN / TRAILER (PRIVATE USE),0
Rajasthan,MOBILE WORKSHOP,0
Rajasthan,TRAILER (AGRICULTURAL),0
Rajasthan,BULLDOZER,0
Rajasthan,HEARSES,0
Rajasthan,OMNI BUS,0
Rajasthan,TOW TRUCK,0
Rajasthan,FORK LIFT,0
Rajasthan,TREE TRIMMING VEHICLE,0
Rajasthan,FIRE FIGHTING VEHICLE,0
Rajasthan,ANIMAL AMBULANCE,0
Rajasthan,MOBILE CANTEEN,0
Rajasthan,DUMPER,0
Rajasthan,OMNI BUS (PRIVATE USE),0
Rajasthan,PRIVATE SERVICE VEHICLE (INDIVIDUAL USE),0
Rajasthan,LUXURY CAB,0
Rajasthan,FIRE TENDERS,0
Rajasthan,MOBILE CLINIC,0
Rajasthan,PRIVATE SERVICE VEHICLE,0
Rajasthan,AUXILIARY TRAILER,0
Rajasthan,VEHICLE FITTED WITH RIG,0
Rajasthan,EDUCATIONAL INSTITUTION BUS,0
Rajasthan,RECOVERY VEHICLE,0
Rajasthan,MOTOR CYCLE/SCOOTER-WITH TRAILER,0
Rajasthan,VEHICLE FITTED WITH COMPRESSOR,0
Rajasthan,CAMPER VAN / TRAILER,0
Rajasthan,THREE WHEELER (PERSONAL),0
Rajasthan,TRACTOR (COMMERCIAL),0
Rajasthan,TRAILER FOR PERSONAL USE,0
Rajasthan,TRAILER (COMMERCIAL),0
Rajasthan,CASH VAN,0
Rajasthan,HARVESTER,0
Rajasthan,EXCAVATOR (NT),0
Rajasthan,CRANE MOUNTED VEHICLE,0
Rajasthan,CONSTRUCTION EQUIPMENT VEHICLE (COMMERCIAL),0
Rajasthan,TOWER WAGON,0
Rajasthan,ROAD ROLLER,0
Rajasthan,MOTOR CYCLE/SCOOTER-SIDECAR(T),0
Rajasthan,ARMOURED/SPECIALISED VEHICLE,0
Sikkim,MOTOR CAB,2
Sikkim,MOTOR CAR,1
Sikkim,M-CYCLE/SCOOTER,1
Sikkim,CASH VAN,0
Sikkim,MAXI CAB,0
Sikkim,M-CYCLE/SCOOTER-WITH SIDE CAR,0
Sikkim,AMBULANCE,0
Sikkim,EXCAVATOR (COMMERCIAL),0
Sikkim,MOPED,0
Sikkim,OMNI BUS (PRIVATE USE),0
Sikkim,OMNI BUS,0
Sikkim,MOTORISED CYCLE (CC > 25CC),0
Sikkim,MOTOR CYCLE/SCOOTER-USED FOR HIRE,0
Sikkim,BUS,0
Sikkim,CONSTRUCTION EQUIPMENT VEHICLE,0
Sikkim,GOODS CARRIER,0
Sikkim,ARTICULATED VEHICLE,0
Sikkim,CRANE MOUNTED VEHICLE,0
Sikkim,LUXURY CAB,0
Sikkim,EARTH MOVING EQUIPMENT,0
Sikkim,ADAPTED VEHICLE,0
Sikkim,AGRICULTURAL TRACTOR,0
Sikkim,EDUCATIONAL INSTITUTION BUS,0
Tamil Nadu,M-CYCLE/SCOOTER,160096
Tamil Nadu,MOTORISED CYCLE (CC > 25CC),13845
Tamil Nadu,MOTOR CAR,10189
Tamil Nadu,MOPED,7648
Tamil Nadu,THREE WHEELER (GOODS),7119
Tamil Nadu,E-RICKSHAW WITH CART (G),5314
Tamil Nadu,GOODS CARRIER,1528
Tamil Nadu,MOTOR CAB,331
Tamil Nadu,THREE WHEELER (PASSENGER),208
Tamil Nadu,TRAILER (AGRICULTURAL),167
Tamil Nadu,M-CYCLE/SCOOTER-WITH SIDE CAR,146
Tamil Nadu,THREE WHEELER (PERSONAL),83
Tamil Nadu,TRAILER (COMMERCIAL),78
Tamil Nadu,OMNI BUS,60
Tamil Nadu,PRIVATE SERVICE VEHICLE,25
Tamil Nadu,CAMPER VAN / TRAILER (PRIVATE USE),18
Tamil Nadu,E-RICKSHAW(P),18
Tamil Nadu,AGRICULTURAL TRACTOR,16
Tamil Nadu,MAXI CAB,8
Tamil Nadu,ADAPTED VEHICLE,2
Tamil Nadu,TRACTOR (COMMERCIAL),1
Tamil Nadu,CRANE MOUNTED VEHICLE,1
Tamil Nadu,EARTH MOVING EQUIPMENT,1
Tamil Nadu,BREAKDOWN VAN,0
Tamil Nadu,ANIMAL AMBULANCE,0
Tamil Nadu,EXCAVATOR (COMMERCIAL),0
Tamil Nadu,MOBILE CANTEEN,0
Tamil Nadu,HEARSES,0
Tamil Nadu,DUMPER,0
Tamil Nadu,BULLDOZER,0
Tamil Nadu,BUS,0
Tamil Nadu,FIRE FIGHTING VEHICLE,0
Tamil Nadu,FORK LIFT,0
Tamil Nadu,MOTOR CYCLE/SCOOTER-SIDECAR(T),0
Tamil Nadu,EXCAVATOR (NT),0
Tamil Nadu,LUXURY CAB,0
Tamil Nadu,CASH VAN,0
Tamil Nadu,TRACTOR-TROLLEY(COMMERCIAL),0
Tamil Nadu,CONSTRUCTION EQUIPMENT VEHICLE,0
Tamil Nadu,VEHICLE FITTED WITH GENERATOR,0
Tamil Nadu,LIBRARY VAN,0
Tamil Nadu,TOW TRUCK,0
Tamil Nadu,TREE TRIMMING VEHICLE,0
Tamil Nadu,MOBILE WORKSHOP,0
Tamil Nadu,SNORKED LADDERS,0
Tamil Nadu,MOBILE CLINIC,0
Tamil Nadu,VEHICLE FITTED WITH COMPRESSOR,0
Tamil Nadu,AMBULANCE,0
Tamil Nadu,SEMI-TRAILER (COMMERCIAL),0
Tamil Nadu,POWER TILLER,0
Tamil Nadu,HARVESTER,0
Tamil Nadu,OMNI BUS (PRIVATE USE),0
Tamil Nadu,ARTICULATED VEHICLE,0
Tamil Nadu,TOWER WAGON,0
Tamil Nadu,TRAILER FOR PERSONAL USE,0
Tamil Nadu,ARMOURED/SPECIALISED VEHICLE,0
Tamil Nadu,RECOVERY VEHICLE,0
Tamil Nadu,PRIVATE SERVICE VEHICLE (INDIVIDUAL USE),0
Tamil Nadu,ROAD ROLLER,0
Tamil Nadu,FIRE TENDERS,0
Tamil Nadu,CONSTRUCTION EQUIPMENT VEHICLE (COMMERCIAL),0
Tamil Nadu,AUXILIARY TRAILER,0
Tamil Nadu,EDUCATIONAL INSTITUTION BUS,0
Tamil Nadu,VEHICLE FITTED WITH RIG,0
Tamil Nadu,CAMPER VAN / TRAILER,0
Tripura,E-RICKSHAW(P),11914
Tripura,THREE WHEELER (PASSENGER),5793
Tripura,M-CYCLE/SCOOTER,485
Tripura,THREE WHEELER (GOODS),71
Tripura,MOTOR CAR,39
Tripura,MOTORISED CYCLE (CC > 25CC),31
Tripura,GOODS CARRIER,9
Tripura,MOTOR CAB,4
Tripura,CAMPER VAN / TRAILER,0
Tripura,EARTH MOVING EQUIPMENT,0
Tripura,CONSTRUCTION EQUIPMENT VEHICLE,0
Tripura,ADAPTED VEHICLE,0
Tripura,TRAILER (COMMERCIAL),0
Tripura,M-CYCLE/SCOOTER-WITH SIDE CAR,0
Tripura,MAXI CAB,0
Tripura,CRANE MOUNTED VEHICLE,0
Tripura,EXCAVATOR (NT),0
Tripura,TRACTOR (COMMERCIAL),0
Tripura,ROAD ROLLER,0
Tripura,EXCAVATOR (COMMERCIAL),0
Tripura,CONSTRUCTION EQUIPMENT VEHICLE (COMMERCIAL),0
Tripura,ARTICULATED VEHICLE,0
Tripura,AMBULANCE,0
Tripura,FIRE FIGHTING VEHICLE,0
Tripura,MOPED,0
Tripura,E-RICKSHAW WITH CART (G),0
Tripura,OMNI BUS,0
Tripura,BUS,0
Tripura,RECOVERY VEHICLE,0
Tripura,ANIMAL AMBULANCE,0
Tripura,HEARSES,0
Tripura,AGRICULTURAL TRACTOR,0
Tripura,TRACTOR-TROLLEY(COMMERCIAL),0
Tripura,TRAILER (AGRICULTURAL),0
Tripura,CAMPER VAN / TRAILER (PRIVATE USE),0
Uttar Pradesh,E-RICKSHAW(P),596325
Uttar Pradesh,M-CYCLE/SCOOTER,80864
Uttar Pradesh,E-RICKSHAW WITH CART (G),25502
Uttar Pradesh,THREE WHEELER (PASSENGER),18584
Uttar Pradesh,MOTOR CAR,5301
Uttar Pradesh,MOTORISED CYCLE (CC > 25CC),2296
Uttar Pradesh,THREE WHEELER (GOODS),1495
Uttar Pradesh,BUS,748
Uttar Pradesh,MOPED,518
Uttar Pradesh,GOODS CARRIER,190
Uttar Pradesh,MOTOR CAB,145
Uttar Pradesh,M-CYCLE/SCOOTER-WITH SIDE CAR,56
Uttar Pradesh,MOTOR CYCLE/SCOOTER-USED FOR HIRE,35
Uttar Pradesh,AGRICULTURAL TRACTOR,10
Uttar Pradesh,RECOVERY VEHICLE,3
Uttar Pradesh,ADAPTED VEHICLE,1
Uttar Pradesh,X-RAY VAN,1
Uttar Pradesh,TRACTOR-TROLLEY(COMMERCIAL),0
Uttar Pradesh,ARTICULATED VEHICLE,0
Uttar Pradesh,TRAILER (AGRICULTURAL),0
Uttar Pradesh,ANIMAL AMBULANCE,0
Uttar Pradesh,SNORKED LADDERS,0
Uttar Pradesh,ROAD ROLLER,0
Uttar Pradesh,MOBILE WORKSHOP,0
Uttar Pradesh,MAXI CAB,0
Uttar Pradesh,BULLDOZER,0
Uttar Pradesh,PRIVATE SERVICE VEHICLE,0
Uttar Pradesh,OMNI BUS (PRIVATE USE),0
Uttar Pradesh,QUADRICYCLE (PRIVATE),0
Uttar Pradesh,BREAKDOWN VAN,0
Uttar Pradesh,TRACTOR (COMMERCIAL),0
Uttar Pradesh,EDUCATIONAL INSTITUTION BUS,0
Uttar Pradesh,OMNI BUS,0
Uttar Pradesh,VEHICLE FITTED WITH RIG,0
Uttar Pradesh,CASH VAN,0
Uttar Pradesh,LUXURY CAB,0
Uttar Pradesh,TREE TRIMMING VEHICLE,0
Uttar Pradesh,CAMPER VAN / TRAILER (PRIVATE USE),0
Uttar Pradesh,EARTH MOVING EQUIPMENT,0
Uttar Pradesh,CRANE MOUNTED VEHICLE,0
Uttar Pradesh,MOBILE CANTEEN,0
Uttar Pradesh,HEARSES,0
Uttar Pradesh,DUMPER,0
Uttar Pradesh,CONSTRUCTION EQUIPMENT VEHICLE,0
Uttar Pradesh,FIRE FIGHTING VEHICLE,0
Uttar Pradesh,FORK LIFT,0
Uttar Pradesh,ARMOURED/SPECIALISED VEHICLE,0
Uttar Pradesh,VEHICLE FITTED WITH GENERATOR,0
Uttar Pradesh,CONSTRUCTION EQUIPMENT VEHICLE (COMMERCIAL),0
Uttar Pradesh,TOWER WAGON,0
Uttar Pradesh,EXCAVATOR (COMMERCIAL),0
Uttar Pradesh,AMBULANCE,0
Uttar Pradesh,CAMPER VAN / TRAILER,0
Uttar Pradesh,EXCAVATOR (NT),0
Uttar Pradesh,VEHICLE FITTED WITH COMPRESSOR,0
Uttar Pradesh,MOTOR CYCLE/SCOOTER-SIDECAR(T),0
Uttar Pradesh,HARVESTER,0
Uttar Pradesh,FIRE TENDERS,0
Uttar Pradesh,LIBRARY VAN,0
Uttar Pradesh,MODULAR HYDRAULIC TRAILER,0
Uttar Pradesh,MOBILE CLINIC,0
Uttar Pradesh,TOW TRUCK,0
Uttar Pradesh,PRIVATE SERVICE VEHICLE (INDIVIDUAL USE),0
Uttar Pradesh,TRAILER FOR PERSONAL USE,0
Uttar Pradesh,TRAILER (COMMERCIAL),0
Uttar Pradesh,THREE WHEELER (PERSONAL),0
Uttarakhand,E-RICKSHAW(P),39364
Uttarakhand,M-CYCLE/SCOOTER,13960
Uttarakhand,THREE WHEELER (PASSENGER),1732
Uttarakhand,E-RICKSHAW WITH CART (G),1349
Uttarakhand,MOTOR CAR,1017
Uttarakhand,THREE WHEELER (GOODS),76
Uttarakhand,MOTOR CAB,45
Uttarakhand,BUS,35
Uttarakhand,MOPED,12
Uttarakhand,M-CYCLE/SCOOTER-WITH SIDE CAR,7
Uttarakhand,MOTOR CYCLE/SCOOTER-USED FOR HIRE,7
Uttarakhand,GOODS CARRIER,2
Uttarakhand,EXCAVATOR (COMMERCIAL),0
Uttarakhand,MOBILE CLINIC,0
Uttarakhand,VEHICLE FITTED WITH RIG,0
Uttarakhand,AMBULANCE,0
Uttarakhand,TRAILER (AGRICULTURAL),0
Uttarakhand,ANIMAL AMBULANCE,0
Uttarakhand,HARVESTER,0
Uttarakhand,MAXI CAB,0
Uttarakhand,OMNI BUS (PRIVATE USE),0
Uttarakhand,RECOVERY VEHICLE,0
Uttarakhand,MOTORISED CYCLE (CC > 25CC),0
Uttarakhand,EDUCATIONAL INSTITUTION BUS,0
Uttarakhand,POWER TILLER (COMMERCIAL),0
Uttarakhand,EARTH MOVING EQUIPMENT,0
Uttarakhand,OMNI BUS,0
Uttarakhand,LUXURY CAB,0
Uttarakhand,TRACTOR (COMMERCIAL),0
Uttarakhand,CAMPER VAN / TRAILER,0
Uttarakhand,TRAILER (COMMERCIAL),0
Uttarakhand,ARTICULATED VEHICLE,0
Uttarakhand,CASH VAN,0
Uttarakhand,EXCAVATOR (NT),0
Uttarakhand,TRACTOR-TROLLEY(COMMERCIAL),0
Uttarakhand,AGRICULTURAL TRACTOR,0
Uttarakhand,HEARSES,0
Uttarakhand,CRANE MOUNTED VEHICLE,0
Uttarakhand,CAMPER VAN / TRAILER (PRIVATE USE),0
Uttarakhand,MOBILE WORKSHOP,0
Uttarakhand,FORK LIFT,0
Uttarakhand,MOBILE CANTEEN,0
Uttarakhand,DUMPER,0
Uttarakhand,PRIVATE SERVICE VEHICLE (INDIVIDUAL USE),0
Uttarakhand,FIRE TENDERS,0
Uttarakhand,LIBRARY VAN,0
Uttarakhand,ADAPTED VEHICLE,0
Uttarakhand,FIRE FIGHTING VEHICLE,0
Uttarakhand,CONSTRUCTION EQUIPMENT VEHICLE,0
West Bengal,E-RICKSHAW(P),47082
West Bengal,M-CYCLE/SCOOTER,22244
West Bengal,MOTOR CAR,3322
West Bengal,THREE WHEELER (PASSENGER),1847
West Bengal,THREE WHEELER (GOODS),1357
West Bengal,MOTOR CAB,542
West Bengal,E-RICKSHAW WITH CART (G),519
West Bengal,MOTORISED CYCLE (CC > 25CC),518
West Bengal,LUXURY CAB,395
West Bengal,GOODS CARRIER,148
West Bengal,BUS,109
West Bengal,VEHICLE FITTED WITH RIG,18
West Bengal,TRACTOR (COMMERCIAL),3
West Bengal,MOPED,2
West Bengal,TRAILER (COMMERCIAL),2
West Bengal,ADAPTED VEHICLE,2
West Bengal,AMBULANCE,1
West Bengal,OMNI BUS (PRIVATE USE),1
West Bengal,FIRE TENDERS,0
West Bengal,ARTICULATED VEHICLE,0
West Bengal,RECOVERY VEHICLE,0
West Bengal,PRIVATE SERVICE VEHICLE,0
West Bengal,M-CYCLE/SCOOTER-WITH SIDE CAR,0
West Bengal,EXCAVATOR (NT),0
West Bengal,CONSTRUCTION EQUIPMENT VEHICLE (COMMERCIAL),0
West Bengal,HARVESTER,0
West Bengal,ROAD ROLLER,0
West Bengal,EDUCATIONAL INSTITUTION BUS,0
West Bengal,AUXILIARY TRAILER,0
West Bengal,TRACTOR-TROLLEY(COMMERCIAL),0
West Bengal,CRANE MOUNTED VEHICLE,0
West Bengal,TOWER WAGON,0
West Bengal,VEHICLE FITTED WITH COMPRESSOR,0
West Bengal,OMNI BUS,0
West Bengal,MAXI CAB,0
West Bengal,PRIVATE SERVICE VEHICLE (INDIVIDUAL USE),0
West Bengal,CAMPER VAN / TRAILER,0
West Bengal,ARMOURED/SPECIALISED VEHICLE,0
West Bengal,THREE WHEELER (PERSONAL),0
West Bengal,MOBILE CLINIC,0
West Bengal,CASH VAN,0
West Bengal,POWER TILLER (COMMERCIAL),0
West Bengal,AGRICULTURAL TRACTOR,0
West Bengal,DUMPER,0
West Bengal,CONSTRUCTION EQUIPMENT VEHICLE,0
West Bengal,EARTH MOVING EQUIPMENT,0
West Bengal,MOTOR CYCLE/SCOOTER-USED FOR HIRE,0
West Bengal,FORK LIFT,0
West Bengal,MOBILE CANTEEN,0
West Bengal,HEARSES,0
West Bengal,SNORKED LADDERS,0
West Bengal,EXCAVATOR (COMMERCIAL),0
West Bengal,CAMPER VAN / TRAILER (PRIVATE USE),0
West Bengal,VEHICLE FITTED WITH GENERATOR,0
West Bengal,BREAKDOWN VAN,0
West Bengal,ANIMAL AMBULANCE,0
West Bengal,MOBILE WORKSHOP,0
West Bengal,LIBRARY VAN,0
West Bengal,FIRE FIGHTING VEHICLE,0
West Bengal,TRAILER (AGRICULTURAL),0
